obs_mis	exp_mis	oe_mis	mu_mis	possible_mis	obs_mis_pphen	exp_mis_pphen	oe_mis_pphen	possible_mis_pphen	obs_syn	exp_syn	oe_syn	mu_syn	possible_syn	obs_lof	mu_lof	possible_lof	exp_lof	pLI	pNull	pRec	oe_lof	oe_syn_lower	oe_syn_upper	oe_mis_lower	oe_mis_upper	oe_lof_lower	oe_lof_upper	syn_z	mis_z	lof_z	oe_lof_upper_rank	n_sites	classic_caf	max_af	num_coding_exons	gene_length	exon_score	promoter_score	CDS_length	CpG_density	paralogues_90	paralogues_95	paralogues_98	paralogues_99	paralogues_100	Cerebellar_tissues_mean_1	Cerebellar_tissues_var_1	Cerebellar_tissues_mean_2	Cerebellar_tissues_var_2	Nerve_mean_1	Nerve_var_1	Nerve_mean_2	Nerve_var_2	Other_Brain_tissues_mean_1	Other_Brain_tissues_var_1	Other_Brain_tissues_mean_2	Other_Brain_tissues_var_2	Other_tissues_mean_1	Other_tissues_var_1	Other_tissues_mean_2	Other_tissues_var_2	tau	tau_1	tau_2	mean_Post_F	mean_Post_M	mean_Post1_F	mean_Post1_M	mean_Post2_F	mean_Post2_M	mean_Pre_F	mean_Pre_M	var_Post_F	var_Post_M	var_Post1_F	var_Post1_M	var_Post2_F	var_Post2_M	var_Pre_F	var_Pre_M	dist_centr	dist_telom
0.0	0.0	0.0	0.0004242775273279283	0.0	0.0	0.0008506916686229808	0.00023489138260800456	0.0	0.0	0.0	0.0025439215122965374	0.0	0.0	0.00036576336527318807	0.0	0.0	0.0	0.026419831491421176	0.008775063411211882	0.0	0.0006928002152376248	0.0051040808945467695	0.0006995887599749006	0.0	0.0	0.00018120896723779293	0.0	0.00029482587802524184	0.00022305327637140807	0.013270957931544992	0.0008256643044914636	0.0	0.00643477935734981	0.11713911685223452	0.0	0.0	0.05803776147067705	0.0	0.0	0.0	0.0011149518841020963	0.0006238527357218082	0.00019234273590769125	0.0025809079391747886	0.0	0.0	0.00027876830374502873	0.0002308616585894485	0.0	0.0	0.0	0.00022888530562064266	0.0	0.0	0.00035604947054599566	0.0	0.00012811306057170142	0.0005882967461949699	0.00024268567331414692	0.004408033475813321	0.0	0.0	0.0022926092970420643	0.0	0.00039905169843098924	0.0	0.0	0.0	0.00039699689677942057	0.00046895309830927525	0.0	0.015550275809161573	0.0	0.0	0.0	0.0	0.0	0.0	0.0002578832404599311	0.07043063528187575	0.0001058233852241001	0.0
